lokal,naslov,city,cena,cena_old,doplacilo,doplacilo_old,lat,lon,posid,detailslink,sort-group,cena_diff,doplacilo_diff,cena_diff_percent,doplacilo_diff_percent
,,,,6.19,,3.37,,,3186,,,,,,
ABI FALAFEL,Trubarjeva cesta 40,LJUBLJANA,9.0,6.99,5.5,4.17,46.05244723,14.51096893,1478,/sl/restaurant/Details/1478,65,2.01,1.33,28.75536480686695,31.894484412470025
AMBIENT,Topniška 29a,LJUBLJANA,4.7,2.82,1.2,0.0,46.0678561,14.5107121,1772,/sl/restaurant/Details/1772,65,1.8800000000000003,1.2,66.66666666666669,inf
,,,,6.5,,3.68,,,3075,,,,,,
AULA COFE,Kardeljeva ploščad 5,LJUBLJANA,4.5,2.82,1.0,0.0,46.0756183,14.5131624,2924,/sl/restaurant/Details/2924,65,1.6800000000000002,1.0,59.57446808510639,inf
AZIJSKA RESTAVRACIJA HAN,Kongresni trg 3,LJUBLJANA,8.9,6.8,5.4,3.98,46.0506054,14.5045463,2147,/sl/restaurant/Details/2147,65,2.1000000000000005,1.4200000000000004,30.882352941176478,35.67839195979901
BALKAN EXPRESS,Moskovska ulica 4,LJUBLJANA,9.0,7.0,5.5,4.18,46.0693078,14.5484774,2488,/sl/restaurant/Details/2488,66,2.0,1.3200000000000003,28.57142857142857,31.578947368421062
,,,,3.69,,0.87,,,1817,,,,,,
BAR MOMENT,Litostrojska cesta 44E,LJUBLJANA,7.5,6.19,4.0,3.37,46.078743,14.495953,3042,/sl/restaurant/Details/3042,66,1.3099999999999996,0.6299999999999999,21.16316639741518,18.69436201780415
BARBADO,Dunajska cesta 106,LJUBLJANA,8.9,6.99,5.4,4.17,46.0744262,14.5119666,2133,/sl/restaurant/Details/2133,66,1.9100000000000001,1.2300000000000004,27.32474964234621,29.496402877697854
BIG PANDA - DOSTAVA,Jurčičeva ulica 3,MARIBOR,9.0,6.59,5.5,3.77,46.559173,15.6469323,3163,/sl/restaurant/Details/3163,66,2.41,1.73,36.57056145675266,45.88859416445623
BIG PANDA RESTAVRACIJA,Jurčičeva ulica 3,MARIBOR,8.6,6.59,5.1,3.77,46.559173,15.6469323,3162,/sl/restaurant/Details/3162,66,2.01,1.3299999999999996,30.500758725341427,35.27851458885941
BIGDIL COFE,Kardeljeva ploščad 17,LJUBLJANA,4.5,2.82,1.0,0.0,46.0740168,14.516449,2926,/sl/restaurant/Details/2926,66,1.6800000000000002,1.0,59.57446808510639,inf
BISTRO ARTY+,Slovenska ulica 20,MARIBOR,9.0,7.0,5.5,4.18,46.560381,15.64577,2862,/sl/restaurant/Details/2862,66,2.0,1.3200000000000003,28.57142857142857,31.578947368421062
,,,,6.19,,3.37,,,1465,,,,,,
BISTRO VILLA DOMUS,Vojkovo nabrežje 12,KOPER/CAPODISTRIA,7.5,5.92,4.0,3.1,45.545517,13.733073,2821,/sl/restaurant/Details/2821,66,1.58,0.8999999999999999,26.68918918918919,29.032258064516125
BOHOR,Kidričeva ulica 23,ROGAŠKA SLATINA,8.5,6.69,5.0,3.87,46.2338608,15.6377234,1645,/sl/restaurant/Details/1645,66,1.8099999999999996,1.13,27.055306427503726,29.198966408268728
BOLNIŠNIČNA RESTAVRACIJA SPLOŠNE BOLNIŠNICE JESENICE,Cesta maršala Tita 112,JESENICE,5.5,4.5,2.0,1.68,46.4428775,14.0369591,3109,/sl/restaurant/Details/3109,66,1.0,0.32000000000000006,22.22222222222222,19.04761904761905
BUREK OLIMPIJA RIMSKA,Rimska cesta 13,LJUBLJANA,4.5,3.69,1.0,0.87,46.047428,14.4998576,3173,/sl/restaurant/Details/3173,66,0.81,0.13,21.951219512195124,14.942528735632186
BURGER TIME,Trubarjeva 47,LJUBLJANA,9.0,7.0,5.5,4.18,46.0525226,14.5117865,3067,/sl/restaurant/Details/3067,66,2.0,1.3200000000000003,28.57142857142857,31.578947368421062
CANTANTE CAFE TABOR,Ulica Pariške komune 37,MARIBOR,8.0,6.6,4.5,3.78,46.5484518,15.6430608,1161,/sl/restaurant/Details/1161,67,1.4000000000000004,0.7200000000000002,21.212121212121218,19.047619047619055
CANTANTE CAFE TABOR - DOSTAVA,Ulica Pariške komune 37,MARIBOR,9.0,7.0,5.5,4.18,46.5484518,15.6430608,1673,/sl/restaurant/Details/1673,67,2.0,1.3200000000000003,28.57142857142857,31.578947368421062
CANTINA QUE PASA,Trg osvobodilne fronte 13,LJUBLJANA,7.8,6.19,4.3,3.37,46.0574226,14.509497,3176,/sl/restaurant/Details/3176,67,1.6099999999999994,0.9299999999999997,26.009693053311782,27.596439169139458
CHUTYS EUROPARK MARIBOR,Pobreška cesta 18,MARIBOR,9.0,6.99,5.5,4.17,46.5537814,15.6532921,3171,/sl/restaurant/Details/3171,67,2.01,1.33,28.75536480686695,31.894484412470025
,,,,5.7,,2.88,,,1568,,,,,,
,,,,6.2,,3.38,,,1569,,,,,,
CITYBURGER,Ankaranska 7,KOPER/CAPODISTRIA,9.0,6.99,5.5,4.17,45.5458243,13.7403981,2243,/sl/restaurant/Details/2243,67,2.01,1.33,28.75536480686695,31.894484412470025
,,,,6.59,,3.77,,,3110,,,,,,
ČEVABDŽINICA SARAJEVO84,Gramšijev trg 8,KOPER/CAPODISTRIA,8.6,6.99,5.1,4.17,45.5472243,13.7354463,3114,/sl/restaurant/Details/3114,268,1.6099999999999994,0.9299999999999997,23.032904148783967,22.302158273381288
,,,,7.0,,4.18,,,3184,,,,,,
"DA BU DA, AZIJSKA RESTAVRACIJA",Šubičeva 1a,LJUBLJANA,9.0,7.0,5.5,4.18,46.0514392,14.5000498,1485,/sl/restaurant/Details/1485,68,2.0,1.3200000000000003,28.57142857142857,31.578947368421062
DIFOOD-EAT GOOD,Gortanova 21,LJUBLJANA,6.0,4.52,2.5,1.7,46.0503594,14.5332075,2523,/sl/restaurant/Details/2523,68,1.4800000000000004,0.8,32.74336283185842,47.05882352941177
,,,,5.69,,2.87,,,1500,,,,,,
DIJAŠKI DOM LIZIKE JANČAR,Titova cesta 24a,MARIBOR,6.5,4.7,3.0,1.88,46.5487086,15.6488376,1090,/sl/restaurant/Details/1090,68,1.7999999999999998,1.12,38.29787234042553,59.57446808510639
DIJAŠKI DOM POLJANE,Potočnikova ulica 3,LJUBLJANA,6.5,5.02,3.0,2.2,46.0492373,14.5233316,1502,/sl/restaurant/Details/1502,68,1.4800000000000004,0.7999999999999998,29.482071713147423,36.36363636363635
DIJAŠKI DOM PORTOROŽ,Sončna pot 20,PORTOROŽ/PORTOROSE,8.0,5.69,4.5,2.87,45.5169575,13.5835564,3145,/sl/restaurant/Details/3145,68,2.3099999999999996,1.63,40.597539543057984,56.79442508710801
DIJAŠKI DOM TABOR,Kotnikova 4,LJUBLJANA,7.6,5.82,4.1,3.0,46.0534162,14.5137731,2111,/sl/restaurant/Details/2111,68,1.7799999999999994,1.0999999999999996,30.58419243986253,36.66666666666665
DIJAŠKI DOM VIČ,Gerbičeva 53,LJUBLJANA,6.0,5.19,2.5,2.37,46.03939685,14.48836816,1314,/sl/restaurant/Details/1314,68,0.8099999999999996,0.1299999999999999,15.606936416184963,5.485232067510544
DIJAŠKI IN ŠTUDENTSKI DOM KOPER,Cankarjeva 5,KOPER/CAPODISTRIA,7.0,5.09,3.5,2.27,45.5484311,13.732145,1013,/sl/restaurant/Details/1013,68,1.9100000000000001,1.23,37.524557956778,54.18502202643172
DIJAŠKI IN ŠTUDENTSKI DOM NOVO MESTO,Šegova ulica 115,NOVO MESTO,6.5,5.32,3.0,2.5,45.7935957,15.1601492,1501,/sl/restaurant/Details/1501,68,1.1799999999999997,0.5,22.18045112781954,20.0
,,,,6.69,,3.87,,,1578,,,,,,
DOMAČA PEKARNA,Dunajska cesta 113,LJUBLJANA,5.61,3.19,2.11,0.37,46.0748031,14.510908,3191,/sl/restaurant/Details/3191,68,2.4200000000000004,1.7399999999999998,75.86206896551727,470.2702702702702
RESTAVRACIJA EAT SMART ,Koroška cesta 46,MARIBOR,7.2,5.72,3.7,2.9,46.5594876,15.6392718,2234,/sl/restaurant/Details/2234,82,1.4800000000000004,0.8000000000000003,25.87412587412588,27.586206896551737
,,,,6.99,,4.17,,,2830,,,,,,
,,,,6.99,,4.17,,,3129,,,,,,
FAST FOOD MAGIC,Pristaniška ulica 2,KOPER/CAPODISTRIA,6.0,4.82,2.5,2.0,45.546133,13.7260016,3158,/sl/restaurant/Details/3158,70,1.1799999999999997,0.5,24.48132780082987,25.0
FAST FOOD SLAST,Slovenska cesta 51,LJUBLJANA,6.2,4.42,2.7,1.6,46.0556131,14.5048633,3165,/sl/restaurant/Details/3165,70,1.7800000000000002,1.1,40.27149321266969,68.75
AJDA BURGERS & MORE POSTAJA,Trg OF 13,LJUBLJANA,6.5,5.19,3.0,2.37,46.0574226,14.509497,2549,/sl/restaurant/Details/2549,65,1.3099999999999996,0.6299999999999999,25.240847784200376,26.58227848101265
FORUM,Petkovškovo nabrežje 25,LJUBLJANA,9.0,7.0,5.5,4.18,46.052123,14.509031,2849,/sl/restaurant/Details/2849,70,2.0,1.3200000000000003,28.57142857142857,31.578947368421062
"GARAČ - RESTAVRACIJA ""M""",Šolska cesta 2,ŠKOFJA LOKA,8.2,5.42,4.7,2.6,46.1679455,14.3066673,2591,/sl/restaurant/Details/2591,71,2.7799999999999994,2.1,51.29151291512915,80.76923076923077
,,,,6.99,,4.17,,,2411,,,,,,
,,,,6.69,,3.87,,,2594,,,,,,
,,,,6.0,,3.18,,,1988,,,,,,
,,,,6.4,,3.58,,,2734,,,,,,
GOSTILNA POD ŠKALCAMI,Oplotniška cesta 5,SLOVENSKE KONJICE,5.5,4.69,2.0,1.87,46.3424536,15.4302266,2543,/sl/restaurant/Details/2543,71,0.8099999999999996,0.1299999999999999,17.27078891257995,6.951871657754005
GOSTILNA POD ŠKALCAMI - DOSTAVA,Oplotniška cesta 5,SLOVENSKE KONJICE,5.5,4.69,2.0,1.87,46.3424536,15.4302266,2346,/sl/restaurant/Details/2346,71,0.8099999999999996,0.1299999999999999,17.27078891257995,6.951871657754005
GOSTILNA STARA BRAJDA,Travniška ulica 4,CELJE,7.0,6.69,3.5,3.87,46.245784,15.2672382,3123,/sl/restaurant/Details/3123,71,0.3099999999999996,-0.3700000000000001,4.633781763826601,-9.560723514211888
GOSTILNA ŠELIGO,Goliev trg 8,TREBNJE,9.0,6.4,5.5,3.58,45.9080827,15.0074327,1375,/sl/restaurant/Details/1375,71,2.5999999999999996,1.92,40.62499999999999,53.63128491620112
GOSTILNA ŠTORKLJA,Šlajmerjeva 1a,LJUBLJANA,8.9,6.9,5.4,4.08,46.0541021,14.5239482,3126,/sl/restaurant/Details/3126,71,2.0,1.3200000000000003,28.985507246376812,32.352941176470594
GOSTILNA ZLATI LEV,Vodnikov trg 4,MARIBOR,6.8,5.42,3.3,2.6,46.5579632,15.6409783,1123,/sl/restaurant/Details/1123,71,1.38,0.6999999999999997,25.461254612546124,26.92307692307691
GOSTILNA ZLATI LEV - DOSTAVA,Vodnikov trg 4,MARIBOR,7.3,5.82,3.8,3.0,46.5579632,15.6409783,1124,/sl/restaurant/Details/1124,71,1.4799999999999995,0.7999999999999998,25.429553264604802,26.66666666666666
GOSTILNICA IN PIVNICA VIČ,Trg mladinskih delovnih brigad 8,LJUBLJANA,7.6,6.7,4.1,3.88,46.0471605,14.4955915,3060,/sl/restaurant/Details/3060,71,0.8999999999999995,0.21999999999999975,13.432835820895514,5.670103092783499
GOSTILNICA IN PIZZERIJA KRATOCHWILL,Jurčkova 225,LJUBLJANA,9.0,6.99,5.5,4.17,46.0202672,14.5366758,1834,/sl/restaurant/Details/1834,71,2.01,1.33,28.75536480686695,31.894484412470025
GOSTILNICA IN PIZZERIJA KRATOCHWILL,Šmartinska 152,LJUBLJANA,9.0,6.99,5.5,4.17,46.0693078,14.5484774,1835,/sl/restaurant/Details/1835,71,2.01,1.33,28.75536480686695,31.894484412470025
GOSTILNICA META IN BAZILIKA,Rimska cesta 25a,LJUBLJANA,9.0,7.0,5.5,4.18,46.0475489,14.4995445,2995,/sl/restaurant/Details/2995,71,2.0,1.3200000000000003,28.57142857142857,31.578947368421062
,,,,6.0,,3.18,,,1213,,,,,,
GOSTIŠČE LOKA,Župančičevo sprehajališče 2,NOVO MESTO,8.5,6.99,5.0,4.17,45.804611,15.1616284,2403,/sl/restaurant/Details/2403,71,1.5099999999999998,0.8300000000000001,21.60228898426323,19.904076738609113
GOSTIŠČE NA TRGU - HIŠA KULINARIKE,Glavni trg 30,NOVO MESTO,7.0,5.4,3.5,2.58,45.8039607,15.1694229,1847,/sl/restaurant/Details/1847,71,1.5999999999999996,0.9199999999999999,29.629629629629623,35.65891472868217
,,,,7.0,,4.18,,,3119,,,,,,
GURMANSKI HRAM,Zagrebška cesta 92,MARIBOR,7.2,5.9,3.7,3.08,46.5265465,15.6692877,1188,/sl/restaurant/Details/1188,71,1.2999999999999998,0.6200000000000001,22.033898305084744,20.129870129870135
GURMANSKI HRAM - DOSTAVA,Zagrebška cesta 92,MARIBOR,7.2,6.0,3.7,3.18,46.5265465,15.6692877,1189,/sl/restaurant/Details/1189,71,1.2000000000000002,0.52,20.000000000000004,16.352201257861633
HALO HONG KONG - DOSTAVA,Litijska 28,LJUBLJANA,9.0,6.99,5.5,4.17,46.0477612,14.5417869,3168,/sl/restaurant/Details/3168,72,2.01,1.33,28.75536480686695,31.894484412470025
,,,,7.0,,4.18,,,2525,,,,,,
HALO PINKI,Pod ježami 14,LJUBLJANA,9.0,6.49,5.5,3.67,46.0579279,14.5285728,2778,/sl/restaurant/Details/2778,72,2.51,1.83,38.6748844375963,49.86376021798365
HALO SHAOLIN - DOSTAVA,Hacquetova 5,LJUBLJANA,9.0,6.99,5.5,4.17,46.0606245,14.5146389,2519,/sl/restaurant/Details/2519,72,2.01,1.33,28.75536480686695,31.894484412470025
,,,,4.99,,2.17,,,2977,,,,,,
HIŠA POD GRADOM,Streliška ulica 10,LJUBLJANA,9.0,7.0,5.5,4.18,46.0493959,14.5112233,2668,/sl/restaurant/Details/2668,72,2.0,1.3200000000000003,28.57142857142857,31.578947368421062
HIT WOK,Čopova 4,LJUBLJANA,9.0,6.19,5.5,3.37,46.0518465,14.5052867,2430,/sl/restaurant/Details/2430,72,2.8099999999999996,2.13,45.395799676898214,63.20474777448071
HITRA HRANA MARTINA KRPANA,Šegova ulica 112,NOVO MESTO,5.5,4.7,2.0,1.88,45.7946897,15.1591167,2735,/sl/restaurant/Details/2735,72,0.7999999999999998,0.1200000000000001,17.021276595744677,6.382978723404261
,,,,5.99,,3.17,,,3057,,,,,,
HOT HORSE - BTC,Šmartinska cesta 152,LJUBLJANA,8.6,6.69,5.1,3.87,46.0693078,14.5484774,2358,/sl/restaurant/Details/2358,72,1.9099999999999993,1.2299999999999995,28.550074738415532,31.782945736434097
HOT HORSE - TIVOLI,Celovška cesta 25,LJUBLJANA,8.6,6.69,5.1,3.87,46.0599532,14.4952876,2359,/sl/restaurant/Details/2359,72,1.9099999999999993,1.2299999999999995,28.550074738415532,31.782945736434097
,,,,6.19,,3.37,,,1145,,,,,,
HOTSPOT BAR&BISTRO,Kardeljeva ploščad 17,LJUBLJANA,8.2,6.43,4.7,3.61,46.074054,14.516428,2846,/sl/restaurant/Details/2846,72,1.7699999999999996,1.0900000000000003,27.52721617418351,30.193905817174528
,,,,5.01,,2.19,,,3137,,,,,,
,,,,6.19,,3.37,,,2720,,,,,,
JOE PENA'S CANTINA Y BAR,Cankarjeva cesta 6,LJUBLJANA,9.0,7.0,5.5,4.18,46.0526204,14.5026065,1386,/sl/restaurant/Details/1386,74,2.0,1.3200000000000003,28.57142857142857,31.578947368421062
,,,,6.0,,3.18,,,3124,,,,,,
,,,,6.0,,3.18,,,3125,,,,,,
,,,,2.82,,0.0,,,2533,,,,,,
KAMPUS FOOD,Pivovarniška ulica 6,LJUBLJANA,7.5,6.32,4.0,3.5,46.058714,14.501792,3062,/sl/restaurant/Details/3062,75,1.1799999999999997,0.5,18.670886075949362,14.285714285714285
,,,,3.1,,0.28,,,1639,,,,,,
KAPITAL,Kardeljeva ploščad ,LJUBLJANA,4.5,2.82,1.0,0.0,46.074015,14.516453,2581,/sl/restaurant/Details/2581,75,1.6800000000000002,1.0,59.57446808510639,inf
KAVARNA IN KUHINJA FAKULTETA ZA KMETIJSTVO IN BIOSISTEMSKE VEDE,Pivola 10,HOČE,7.5,5.2,4.0,2.38,46.505466,15.6225793,3001,/sl/restaurant/Details/3001,75,2.3,1.62,44.230769230769226,68.0672268907563
,,,,6.32,,3.5,,,2396,,,,,,
,,,,4.59,,1.77,,,2839,,,,,,
KITAJSKA PALAČA - DOSTAVA,Focheva ulica 41,MARIBOR,8.8,6.99,5.3,4.17,46.5453657,15.643939,2775,/sl/restaurant/Details/2775,75,1.8100000000000005,1.13,25.89413447782547,27.098321342925658
"KITAJSKA RESTAVRACIJA ""LETEČA ZVEZDA""",Cesta v mestni log 55,LJUBLJANA,8.0,6.39,4.5,3.57,46.036207,14.489519,2841,/sl/restaurant/Details/2841,75,1.6100000000000003,0.9300000000000002,25.19561815336464,26.050420168067234
"KITAJSKA RESTAVRACIJA ""LETEČA ZVEZDA"" - DOSTAVA",Cesta v mestni log 55,LJUBLJANA,9.0,6.99,5.5,4.17,46.036207,14.489519,2842,/sl/restaurant/Details/2842,75,2.01,1.33,28.75536480686695,31.894484412470025
KITAJSKA RESTAVRACIJA AZIJA,Ptujska cesta 131 ,MARIBOR,8.0,6.69,4.5,3.87,46.5311257,15.6701161,2703,/sl/restaurant/Details/2703,75,1.3099999999999996,0.6299999999999999,19.581464872944686,16.279069767441857
KITAJSKA RESTAVRACIJA AZIJA,Gosposvetska ulica 1,KRANJ,8.5,6.69,5.0,3.87,46.2461166,14.3530853,2644,/sl/restaurant/Details/2644,75,1.8099999999999996,1.13,27.055306427503726,29.198966408268728
,,,,6.69,,3.87,,,3074,,,,,,
KITAJSKA RESTAVRACIJA CESARSKA HIŠA,Ankaranska cesta 5B,KOPER/CAPODISTRIA,7.6,6.19,4.1,3.37,45.5415072,13.7358793,2264,/sl/restaurant/Details/2264,75,1.4099999999999993,0.7299999999999995,22.77867528271404,21.661721068249243
KITAJSKA RESTAVRACIJA DVA ZMAJA,Kersnikova 31,CELJE,8.0,6.0,4.5,3.18,46.2391004,15.263821,2635,/sl/restaurant/Details/2635,75,2.0,1.3199999999999998,33.33333333333333,41.50943396226414
KITAJSKA RESTAVRACIJA HAN,Moskovska ulica 4,LJUBLJANA,8.9,6.8,5.4,3.98,46.07048,14.5507145,2950,/sl/restaurant/Details/2950,75,2.1000000000000005,1.4200000000000004,30.882352941176478,35.67839195979901
KITAJSKA RESTAVRACIJA HAN - ALEJA,Rakuševa ulica 1,LJUBLJANA,8.9,6.8,5.4,3.98,46.0782899,14.4836777,3118,/sl/restaurant/Details/3118,75,2.1000000000000005,1.4200000000000004,30.882352941176478,35.67839195979901
KITAJSKA RESTAVRACIJA MING ZHU,Bazoviška ulica 6,NOVA GORICA,8.2,6.19,4.7,3.37,45.9563076,13.6401351,2933,/sl/restaurant/Details/2933,75,2.009999999999999,1.33,32.47172859450725,39.46587537091988
KITAJSKA RESTAVRACIJA NANKING,Mačkovec 6,NOVO MESTO,7.5,6.19,4.0,3.37,45.8264393,15.1923673,1415,/sl/restaurant/Details/1415,75,1.3099999999999996,0.6299999999999999,21.16316639741518,18.69436201780415
KITAJSKA RESTAVRACIJA NOVI ŠANGHAI,Kapitelska 5,LJUBLJANA,8.2,6.19,4.7,3.37,46.0508628,14.5114751,1346,/sl/restaurant/Details/1346,75,2.009999999999999,1.33,32.47172859450725,39.46587537091988
KITAJSKA RESTAVRACIJA ŠANG HAI,Delavska ulica 11,JESENICE,8.2,6.59,4.7,3.77,46.4334456,14.0635691,2446,/sl/restaurant/Details/2446,75,1.6099999999999994,0.9300000000000002,24.43095599393019,24.668435013262606
KITAJSKA RESTAVRACIJA ZHONGHUA,Trubarjeva cesta 50,LJUBLJANA,8.0,6.09,4.5,3.27,46.052317,14.512212,2853,/sl/restaurant/Details/2853,75,1.9100000000000001,1.23,31.362889983579638,37.61467889908256
KITAJSKA RESTAVRACIJA ZLATA SRNA,Ulica Pohorskega bataljona 14,MARIBOR,7.0,5.49,3.5,2.67,46.5544914,15.6193002,2761,/sl/restaurant/Details/2761,75,1.5099999999999998,0.8300000000000001,27.504553734061925,31.08614232209738
KITAJSKA RESTAVRACIJA ZLATA SRNA - DOSTAVA,Ulica Pohorskega bataljona 14,MARIBOR,8.0,6.49,4.5,3.67,46.5544914,15.6193002,2762,/sl/restaurant/Details/2762,75,1.5099999999999998,0.8300000000000001,23.26656394453004,22.6158038147139
KITAJSKA RESTAVRACIJA ZVEZDA,Loška ulica 10,MARIBOR,7.0,5.62,3.5,2.8,46.5566926,15.6509716,1165,/sl/restaurant/Details/1165,75,1.38,0.7000000000000002,24.555160142348754,25.000000000000007
KITAJSKA RESTAVRACJA CESARSKA HIŠA-DOSTAVA,Ankaranska cesta 5B,KOPER/CAPODISTRIA,8.0,6.89,4.5,4.07,45.5415072,13.7358793,2265,/sl/restaurant/Details/2265,75,1.1100000000000003,0.4299999999999997,16.110304789550078,10.565110565110556
KITAJSKI DVOR,Teharska cesta 35,CELJE,8.0,5.99,4.5,3.17,46.2315729,15.2762559,1911,/sl/restaurant/Details/1911,75,2.01,1.33,33.55592654424039,41.955835962145116
KITAJSKI DVOR,Dunajska cesta 29,LJUBLJANA,8.0,6.19,4.5,3.37,46.061737,14.5076175,1610,/sl/restaurant/Details/1610,75,1.8099999999999996,1.13,29.24071082390952,33.531157270029674
KITAJSKI DVOR - DOSTAVA,Dunajska cesta 29,LJUBLJANA,9.0,6.89,5.5,4.07,46.0621392,14.5074844,2117,/sl/restaurant/Details/2117,75,2.1100000000000003,1.4299999999999997,30.624092888243837,35.13513513513512
KITAJSKI DVOR - DOSTAVA,Teharska cesta 35,CELJE,8.0,5.99,4.5,3.17,46.2314098,15.2761445,1164,/sl/restaurant/Details/1164,75,2.01,1.33,33.55592654424039,41.955835962145116
KITAJSKO MESTO,Slamnikarjeva 1,DOMŽALE,7.9,5.9,4.4,3.08,46.1382014,14.596938,1838,/sl/restaurant/Details/1838,75,2.0,1.3200000000000003,33.89830508474576,42.85714285714287
KITAJSKO MESTO - DOSTAVA,Slamnikarjeva 1,DOMŽALE,8.9,6.9,5.4,4.08,46.1382014,14.596938,2772,/sl/restaurant/Details/2772,75,2.0,1.3200000000000003,28.985507246376812,32.352941176470594
KLOPČIČ,Litostrojska cesta 57,LJUBLJANA,6.3,5.5,2.8,2.68,46.0816138,14.4923584,1422,/sl/restaurant/Details/1422,75,0.7999999999999998,0.11999999999999966,14.545454545454541,4.477611940298495
,,,,5.5,,2.68,,,1421,,,,,,
KLUBAR GASTROPUB,Slovenski trg 7,KRANJ,8.0,6.0,4.5,3.18,46.2428879,14.3559806,3140,/sl/restaurant/Details/3140,75,2.0,1.3199999999999998,33.33333333333333,41.50943396226414
KOA BISTRO & BAR,Slovenska cesta 1,LJUBLJANA,9.0,6.99,5.5,4.17,46.0469188,14.5009328,3063,/sl/restaurant/Details/3063,75,2.01,1.33,28.75536480686695,31.894484412470025
KOZLOVNA POŠTNA,Poštna ulica 12,MARIBOR,9.0,7.0,5.5,4.18,46.5585966,15.6449785,3121,/sl/restaurant/Details/3121,75,2.0,1.3200000000000003,28.57142857142857,31.578947368421062
KRATOCHWILL,Nemčavci 1d,MURSKA SOBOTA,7.0,6.0,3.5,3.18,46.6746467,16.1750238,1110,/sl/restaurant/Details/1110,75,1.0,0.31999999999999984,16.666666666666664,10.062893081761
LA CANTINA,Ulica Staneta Žagarja 2b,RADOVLJICA,7.2,6.2,3.7,3.38,46.3485144,14.1696392,2601,/sl/restaurant/Details/2601,76,1.0,0.3200000000000003,16.129032258064516,9.467455621301783
LABIRINT,Čevljarska 9 ,KOPER/CAPODISTRIA,8.4,5.79,4.9,2.97,45.547547,13.7297693,2203,/sl/restaurant/Details/2203,76,2.6100000000000003,1.9300000000000002,45.07772020725389,64.98316498316498
,,,,3.69,,0.87,,,3059,,,,,,
LETEČA ZVEZDA,Kvedrova cesta 5a,LJUBLJANA,7.5,6.5,4.0,3.68,46.070312,14.541963,2844,/sl/restaurant/Details/2844,76,1.0,0.31999999999999984,15.384615384615385,8.69565217391304
LIPCA - INDEKS,Borštnikov trg 3a,LJUBLJANA,3.5,2.82,0.0,0.0,46.047896,14.4987744,2726,/sl/restaurant/Details/2726,76,0.6800000000000002,0.0,24.11347517730497,
LONDON STREET FOOD,Stossmayerjeva ulica 26,MARIBOR,8.0,6.38,4.5,3.56,46.5607379,15.6423883,2640,/sl/restaurant/Details/2640,76,1.62,0.94,25.39184952978057,26.40449438202247
LOVING HUT ,Gosposvetska cesta 43a,MARIBOR,7.8,6.39,4.3,3.57,46.561508,15.63406,2331,/sl/restaurant/Details/2331,76,1.4100000000000001,0.73,22.06572769953052,20.448179271708682
,,,,3.19,,0.37,,,3076,,,,,,
,,,,4.99,,2.17,,,2975,,,,,,
MC PANDA,Ulica Vita Kraigherja 5,MARIBOR,4.5,3.32,1.0,0.5,46.5587501,15.6505413,3205,/sl/restaurant/Details/3205,77,1.1800000000000002,0.5,35.54216867469881,100.0
MCDONALD S RESTAVRACIJA  - MURSKA SOBOTA,Nemčavci 1d,MURSKA SOBOTA,6.5,4.82,3.0,2.0,46.6694982,16.1775262,3122,/sl/restaurant/Details/3122,77,1.6799999999999997,1.0,34.854771784232355,50.0
MCDONALD´S RESTAVRACIJA - SWATY,Tržaška 6,MARIBOR,6.5,4.82,3.0,2.0,46.54175582,15.64776005,1182,/sl/restaurant/Details/1182,77,1.6799999999999997,1.0,34.854771784232355,50.0
MCDONALD´S RESTAVRACIJA EUROPARK,Pobreška 18,MARIBOR,6.5,4.82,3.0,2.0,46.55381546,15.6514902,1185,/sl/restaurant/Details/1185,77,1.6799999999999997,1.0,34.854771784232355,50.0
MCDONALD´S RESTAVRACIJA PTUJSKA,Ptujska 106,MARIBOR,6.5,4.82,3.0,2.0,46.5349073,15.6622092,1184,/sl/restaurant/Details/1184,77,1.6799999999999997,1.0,34.854771784232355,50.0
MCDONALD´S RESTAVRACIJA VELENJE,Kidričeva 2b,VELENJE,6.5,4.82,3.0,2.0,46.35996095,15.11980472,1179,/sl/restaurant/Details/1179,77,1.6799999999999997,1.0,34.854771784232355,50.0
MCDONALD'S RESTAVRACIJA - ALEJA,Rakuševa ulica 1,LJUBLJANA,6.5,4.82,3.0,2.0,46.0782899,14.4836777,3107,/sl/restaurant/Details/3107,77,1.6799999999999997,1.0,34.854771784232355,50.0
MCDONALD'S RESTAVRACIJA - CELJE DRIVE,Mariborska cesta 164,CELJE,6.5,4.82,3.0,2.0,46.247996,15.280446,2868,/sl/restaurant/Details/2868,77,1.6799999999999997,1.0,34.854771784232355,50.0
MCDONALD'S RESTAVRACIJA - CELOVŠKA,Celovška cesta 170,LJUBLJANA,6.5,4.82,3.0,2.0,46.0749608,14.4846712,1341,/sl/restaurant/Details/1341,77,1.6799999999999997,1.0,34.854771784232355,50.0
,,,,4.82,,2.0,,,1377,,,,,,
MCDONALD'S RESTAVRACIJA - DOMŽALE,Breznikova 15,DOMŽALE,6.5,4.82,3.0,2.0,46.1468404,14.5975108,1342,/sl/restaurant/Details/1342,77,1.6799999999999997,1.0,34.854771784232355,50.0
MCDONALD'S RESTAVRACIJA - KRANJ DRIVE,Cesta Boštjana Hladnika 7,KRANJ,6.5,4.82,3.0,2.0,46.232304,14.369412,2866,/sl/restaurant/Details/2866,77,1.6799999999999997,1.0,34.854771784232355,50.0
MCDONALD'S RESTAVRACIJA - NOVO MESTO,Ljubljanska 24,NOVO MESTO,6.5,4.82,3.0,2.0,45.81480455,15.15417151,1381,/sl/restaurant/Details/1381,77,1.6799999999999997,1.0,34.854771784232355,50.0
MCDONALD'S RESTAVRACIJA - RUDNIK,Premrlova ulica 12,LJUBLJANA,6.5,4.82,3.0,2.0,46.0175171,14.53007184,1536,/sl/restaurant/Details/1536,77,1.6799999999999997,1.0,34.854771784232355,50.0
MCDONALD'S RESTAVRACIJA - ŠMARTINKA DRIVE,Šmartinska 147,LJUBLJANA,6.5,4.82,3.0,2.0,46.0694793,14.5408094,3164,/sl/restaurant/Details/3164,77,1.6799999999999997,1.0,34.854771784232355,50.0
MCDONALD'S RESTAVRACIJA - ŽELEZNIŠKA,Trg osvobodilne fronte 6,LJUBLJANA,6.5,4.82,3.0,2.0,46.05797458,14.51181272,1379,/sl/restaurant/Details/1379,77,1.6799999999999997,1.0,34.854771784232355,50.0
MCDONALD'S RESTAVRACIJA - ŽITO,Šmartinska 154,LJUBLJANA,6.5,4.82,3.0,2.0,46.06947767,14.54738666,1378,/sl/restaurant/Details/1378,77,1.6799999999999997,1.0,34.854771784232355,50.0
MCDONALD'S RESTAVRACIJA KOPER,Ankaranska 4,KOPER/CAPODISTRIA,6.5,4.82,3.0,2.0,45.54149179,13.73655012,2253,/sl/restaurant/Details/2253,77,1.6799999999999997,1.0,34.854771784232355,50.0
MCDONALD'S RESTAVRACIJA NOVA GORICA,Vojkova cesta 111,NOVA GORICA,6.5,4.82,3.0,2.0,45.954703,13.653513,2815,/sl/restaurant/Details/2815,77,1.6799999999999997,1.0,34.854771784232355,50.0
ME GUSTA,Jezdarska ulica 8b,MARIBOR,6.2,4.42,2.7,1.6,46.5513718,15.6409209,2648,/sl/restaurant/Details/2648,77,1.7800000000000002,1.1,40.27149321266969,68.75
MEATING PUB & RESTAVRACIJA,Mlinska ulica 2,MARIBOR,7.9,6.52,4.4,3.7,46.5603608,15.6553755,3138,/sl/restaurant/Details/3138,77,1.3800000000000008,0.7000000000000002,21.165644171779157,18.918918918918923
MEHIŠKA RESTAVRACIJA IMPERIO MEXICANO,Moskovska ulica 4,LJUBLJANA,9.0,7.0,5.5,4.18,46.0702369,14.5490389,1407,/sl/restaurant/Details/1407,77,2.0,1.3200000000000003,28.57142857142857,31.578947368421062
MENZA BF,Večna pot 111,LJUBLJANA,8.0,5.82,4.5,3.0,46.0512363,14.4699693,2023,/sl/restaurant/Details/2023,77,2.1799999999999997,1.5,37.457044673539514,50.0
MENZA FE,Tržaška cesta 25,LJUBLJANA,8.0,5.82,4.5,3.0,46.0448994,14.4892307,2521,/sl/restaurant/Details/2521,77,2.1799999999999997,1.5,37.457044673539514,50.0
MENZA PF,Poljanski nasip 2,LJUBLJANA,8.0,5.82,4.5,3.0,46.0516682,14.5107486,1474,/sl/restaurant/Details/1474,77,2.1799999999999997,1.5,37.457044673539514,50.0
MLEČNA RESTAVRACIJA,Maistrov trg 13,KRANJ,7.0,5.2,3.5,2.38,46.241091,14.356279,1214,/sl/restaurant/Details/1214,77,1.7999999999999998,1.12,34.615384615384606,47.05882352941177
MLEČNA RESTAVRACIJA - DOSTAVA,Maistrov trg 13,KRANJ,8.0,6.2,4.5,3.38,46.241091,14.356279,2542,/sl/restaurant/Details/2542,77,1.7999999999999998,1.12,29.032258064516125,33.13609467455622
,,,,3.89,,1.07,,,3161,,,,,,
NAMASTE INDIAN EXPRESS,Trubarjeva ulica 31,LJUBLJANA,7.0,5.93,3.5,3.11,46.052474,14.509783,2828,/sl/restaurant/Details/2828,78,1.0700000000000003,0.3900000000000001,18.04384485666105,12.540192926045021
NJAMY - DOSTAVA,Šorlijeva 12,KRANJ,9.0,6.99,5.5,4.17,46.2519474,14.3572697,3167,/sl/restaurant/Details/3167,78,2.01,1.33,28.75536480686695,31.894484412470025
OKREPČEVALNICA - DINER KINO GLEDALIŠČE BEŽIGRAD,Linhartova 11,LJUBLJANA,7.6,6.39,4.1,3.57,46.0646461,14.5103219,2732,/sl/restaurant/Details/2732,79,1.21,0.5299999999999998,18.9358372456964,14.845938375350135
OKREPČEVALNICA - PIZZERIJA MAKS,Dunajska cesta 111,LJUBLJANA,6.4,5.69,2.9,2.87,46.0745055,14.5113788,1683,/sl/restaurant/Details/1683,79,0.71,0.029999999999999805,12.478031634446396,1.04529616724738
OKREPČEVALNICA AJDA,Ajdovščina 4,LJUBLJANA,7.5,5.82,4.0,3.0,46.0533642,14.5052036,2944,/sl/restaurant/Details/2944,79,1.6799999999999997,1.0,28.865979381443292,33.33333333333333
OKREPČEVALNICA BADOVINAC,Kardeljeva ploščad 5,LJUBLJANA,5.0,4.39,1.5,1.57,46.073666,14.5162984,1615,/sl/restaurant/Details/1615,79,0.6100000000000003,-0.07000000000000006,13.89521640091117,-4.458598726114653
OKREPČEVALNICA FERI,Smetanova ulica 17,MARIBOR,3.5,3.69,0.0,0.87,46.5594876,15.6392718,2347,/sl/restaurant/Details/2347,79,-0.18999999999999995,-0.87,-5.149051490514904,-100.0
OKREPČEVALNICA GOSPOSVETSKA,Gosposvetska cesta 83,MARIBOR,3.5,3.69,0.0,0.87,46.5630401,15.6269831,2650,/sl/restaurant/Details/2650,79,-0.18999999999999995,-0.87,-5.149051490514904,-100.0
OKREPČEVALNICA HOLYFOOD,Igriška ulica 5,LJUBLJANA,5.5,2.82,2.0,0.0,46.0480819,14.4993023,3071,/sl/restaurant/Details/3071,79,2.68,2.0,95.03546099290782,inf
OKREPČEVALNICA IZUM,Prešernova 17,MARIBOR,6.9,5.8,3.4,2.98,46.5636048,15.6514339,2652,/sl/restaurant/Details/2652,79,1.1000000000000005,0.41999999999999993,18.96551724137932,14.093959731543624
OKREPČEVALNICA MINUTKA,Celjska cesta 48 b,SLOVENJ GRADEC,6.5,5.4,3.0,2.58,46.5036301,15.0857854,1234,/sl/restaurant/Details/1234,79,1.0999999999999996,0.41999999999999993,20.370370370370363,16.279069767441857
MM PANDA,Koroška cesta 9,MARIBOR,6.0,4.89,2.5,2.07,46.5576636,15.643214,2360,/sl/restaurant/Details/2360,77,1.1100000000000003,0.43000000000000016,22.699386503067494,20.772946859903392
OKREPČEVALNICA PIVNICA ALF,Koroška cesta 5,MARIBOR,7.5,5.69,4.0,2.87,46.5576922,15.6436525,1237,/sl/restaurant/Details/1237,79,1.8099999999999996,1.13,31.810193321616865,39.37282229965156
OKREPČEVALNICA PIVNICA ALF - DOSTAVA,Koroška cesta 5,MARIBOR,8.0,6.19,4.5,3.37,46.5576922,15.6436525,1238,/sl/restaurant/Details/1238,79,1.8099999999999996,1.13,29.24071082390952,33.531157270029674
,,,,6.4,,3.58,,,3128,,,,,,
,,,,3.69,,0.87,,,2302,,,,,,
,,,,4.69,,1.87,,,2757,,,,,,
,,,,4.29,,1.47,,,1925,,,,,,
OKREPČEVALNICA VILLA MONDE,Spuhlja 32,PTUJ,8.2,6.8,4.7,3.98,46.4151635,15.9137303,2334,/sl/restaurant/Details/2334,79,1.3999999999999995,0.7200000000000002,20.58823529411764,18.090452261306538
"ORIENT EXPRESS, SAMOPOSTREŽNA RESTAVRACIJA",Kolodvorska 11,LJUBLJANA,7.5,6.63,4.0,3.81,46.0566129,14.5094147,3169,/sl/restaurant/Details/3169,79,0.8700000000000001,0.18999999999999995,13.122171945701359,4.986876640419946
OŠTARIJA CITY CENTER CELJE,Mariborska cesta 100,CELJE,8.0,7.0,4.5,4.18,46.2419031,15.2774074,3035,/sl/restaurant/Details/3035,79,1.0,0.3200000000000003,14.285714285714285,7.655502392344504
OŠTARIJA PIZZERIA DA NOI,Ulica Eve Lovše 1,MARIBOR,9.0,6.5,5.5,3.68,46.5404054,15.6408778,2480,/sl/restaurant/Details/2480,79,2.5,1.8199999999999998,38.46153846153847,49.45652173913043
OŠTARIJA PIZZERIA DA NOI - DOSTAVA,Ulica Eve Lovše 1,MARIBOR,9.0,7.0,5.5,4.18,46.5404054,15.6408778,2705,/sl/restaurant/Details/2705,79,2.0,1.3200000000000003,28.57142857142857,31.578947368421062
OŠTARIJA PRI OLJKI,Moskovska ulica 4,LJUBLJANA,8.8,6.63,5.3,3.81,46.0681081,14.5420462,3115,/sl/restaurant/Details/3115,79,2.170000000000001,1.4899999999999998,32.73001508295627,39.10761154855643
OŠTARIJA RUDOLFSWERTH,Kandijska cesta 35,NOVO MESTO,7.5,5.6,4.0,2.78,45.8002137,15.174038,1471,/sl/restaurant/Details/1471,79,1.9000000000000004,1.2200000000000002,33.92857142857144,43.88489208633094
PAPAGAYO,Gosposka ulica 6,MARIBOR,8.4,6.49,4.9,3.67,46.557861,15.646434,2863,/sl/restaurant/Details/2863,80,1.9100000000000001,1.2300000000000004,29.429892141756547,33.51498637602181
PE DIJAŠKI DOM CELJE,Ljubljanska cesta 21,CELJE,6.0,5.17,2.5,2.35,46.2327648,15.2565348,2623,/sl/restaurant/Details/2623,80,0.8300000000000001,0.1499999999999999,16.054158607350097,6.382978723404251
PE MARJETICA,Tobačna ulica 5,LJUBLJANA,6.0,5.29,2.5,2.47,46.0493297,14.4938602,1424,/sl/restaurant/Details/1424,80,0.71,0.029999999999999805,13.42155009451796,1.214574898785417
,,,,6.9,,4.08,,,1366,,,,,,
PICERIJA BARJAN,Cesta v Mestni log 55,LJUBLJANA,8.5,6.72,5.0,3.9,46.0361903,14.4895219,2248,/sl/restaurant/Details/2248,80,1.7800000000000002,1.1,26.488095238095244,28.20512820512821
PICERIJA ERA,Pod Trško goro 83,NOVO MESTO,8.4,6.0,4.9,3.18,45.8225275,15.1842413,2551,/sl/restaurant/Details/2551,80,2.4000000000000004,1.7200000000000002,40.00000000000001,54.088050314465406
PICERIJA IN PIVNICA KUFR,Glavni trg 43,SLOVENJ GRADEC,7.0,6.19,3.5,3.37,46.5084742,15.0782194,3142,/sl/restaurant/Details/3142,80,0.8099999999999996,0.1299999999999999,13.085621970920833,3.8575667655786314
,,,,5.69,,2.87,,,2504,,,,,,
PICESTAVRACIJA BOCCACCIO,Celovška cesta 249,LJUBLJANA,9.0,7.0,5.5,4.18,46.0808062,14.4786087,1794,/sl/restaurant/Details/1794,80,2.0,1.3200000000000003,28.57142857142857,31.578947368421062
,,,,7.0,,4.18,,,1798,,,,,,
GOSTILNICA IN PIVNICA KRATOCHWILL,Kolodvorska ulica 14,LJUBLJANA,9.0,6.99,5.5,4.17,46.0564799,14.5099706,2185,/sl/restaurant/Details/2185,71,2.01,1.33,28.75536480686695,31.894484412470025
PIZZERIA BRIKSEN,Ljubljanska cesta 5,BLED,9.0,7.0,5.5,4.18,46.368334,14.1111195,2308,/sl/restaurant/Details/2308,80,2.0,1.3200000000000003,28.57142857142857,31.578947368421062
PIZZERIA CHIANTI,Rozmanova ulica 25,NOVO MESTO,7.5,6.0,4.0,3.18,45.8054245,15.1652975,2736,/sl/restaurant/Details/2736,80,1.5,0.8199999999999998,25.0,25.786163522012572
PIZZERIA FOCULUS,Gregorčičeva ulica 3,LJUBLJANA,9.0,6.99,5.5,4.17,46.04792605,14.5021382,1441,/sl/restaurant/Details/1441,80,2.01,1.33,28.75536480686695,31.894484412470025
PIZZERIA FONTANA ,Dalmatinova ulica 2,KRŠKO,9.0,7.0,5.5,4.18,45.9638619,15.4861918,2284,/sl/restaurant/Details/2284,80,2.0,1.3200000000000003,28.57142857142857,31.578947368421062
PIZZERIA IN OŠTARIJA CHIANTI,Rakuševa cesta 1,LJUBLJANA,9.0,6.93,5.5,4.11,46.0782899,14.4836777,3174,/sl/restaurant/Details/3174,80,2.0700000000000003,1.3899999999999997,29.870129870129876,33.8199513381995
PIZZERIA IN ŠPAGETARIJA OLIVA,Litijska cesta 38,LJUBLJANA,9.0,7.0,5.5,4.18,46.0476439,14.545337,1292,/sl/restaurant/Details/1292,80,2.0,1.3200000000000003,28.57142857142857,31.578947368421062
PIZZERIA IN ŠPAGETERIA AL CAPONE,Pobreška cesta 18,MARIBOR,9.0,6.79,5.5,3.97,46.553751,15.651964,1103,/sl/restaurant/Details/1103,80,2.21,1.5299999999999998,32.54786450662739,38.53904282115868
PIZZERIA IN ŠPAGETTERIA CUBUS,Podbevškova ulica 11,NOVO MESTO,7.4,5.69,3.9,2.87,45.8043094,15.196019,1305,/sl/restaurant/Details/1305,80,1.71,1.0299999999999998,30.052724077328648,35.88850174216027
PIZZERIA LATERNA,Tržaška 79a,LJUBLJANA,9.0,6.63,5.5,3.81,46.0398978,14.4730179,1423,/sl/restaurant/Details/1423,80,2.37,1.69,35.74660633484163,44.356955380577425
PIZZERIA OSMICA,Nazorjeva ulica 8,LJUBLJANA,9.0,6.12,5.5,3.3,46.0527303,14.5045867,2165,/sl/restaurant/Details/2165,80,2.88,2.2,47.05882352941176,66.66666666666667
PIZZERIA PARMA,Trg republike 2,LJUBLJANA,8.8,6.69,5.3,3.87,46.0500505,14.5004647,2375,/sl/restaurant/Details/2375,80,2.1100000000000003,1.4299999999999997,31.539611360239167,36.95090439276485
PIZZERIA ŠESTINKA,Miklošičeva cesta 22,LJUBLJANA,3.5,2.82,0.0,0.0,46.0544486,14.5072493,1335,/sl/restaurant/Details/1335,80,0.6800000000000002,0.0,24.11347517730497,
,,,,6.49,,3.67,,,1334,,,,,,
,,,,6.1,,3.28,,,1011,,,,,,
PIZZERIA VIVALDI,Borštnikova ulica 33a,MARIBOR,9.0,6.99,5.5,4.17,46.5368605,15.6238561,1160,/sl/restaurant/Details/1160,80,2.01,1.33,28.75536480686695,31.894484412470025
PIZZERIJA AŠIČ,Pečarjeva 1,ZAGORJE OB SAVI,8.6,6.19,5.1,3.37,46.13196,14.994229,1861,/sl/restaurant/Details/1861,80,2.4099999999999993,1.7299999999999995,38.93376413570273,51.335311572700284
PIZZERIJA AŠIČ - DOSTAVA,Pečarjeva ulica 1,ZAGORJE OB SAVI,9.0,6.69,5.5,3.87,46.13196,14.994229,2011,/sl/restaurant/Details/2011,80,2.3099999999999996,1.63,34.529147982062774,42.1188630490956
PIZZERIJA ATRIJ,Čevljarska 8,KOPER/CAPODISTRIA,7.5,6.62,4.0,3.8,45.5475251,13.7294406,1031,/sl/restaurant/Details/1031,80,0.8799999999999999,0.20000000000000018,13.293051359516614,5.263157894736848
PIZZERIJA DIMNIK,Obrtniška cesta 1,TRBOVLJE,9.0,6.5,5.5,3.68,46.1549843,15.0511805,1716,/sl/restaurant/Details/1716,80,2.5,1.8199999999999998,38.46153846153847,49.45652173913043
PIZZERIJA DIMNIK - DOSTAVA,Obrtniška cesta 1,TRBOVLJE,9.0,7.0,5.5,4.18,46.1549843,15.0511805,1717,/sl/restaurant/Details/1717,80,2.0,1.3200000000000003,28.57142857142857,31.578947368421062
PIZZERIJA ETNA - ITALIJANSKA KUHINJA,Ulica Marije Hvaličeve 6,LJUBLJANA,8.4,7.0,4.9,4.18,46.0730812,14.4503731,1711,/sl/restaurant/Details/1711,80,1.4000000000000004,0.7200000000000006,20.000000000000004,17.224880382775137
,,,,5.4,,2.58,,,1994,,,,,,
PIZZERIJA IN OKREPČEVALNICA KONDOR,Cesta v Mestni log 55,LJUBLJANA,8.5,6.7,5.0,3.88,46.0366776,14.4895863,1413,/sl/restaurant/Details/1413,80,1.7999999999999998,1.12,26.86567164179104,28.865979381443303
,,,,7.0,,4.18,,,3181,,,,,,
PIZZERIJA IN ŠPAGETERIJA ALCAPONE,Moskovska ulica 4,LJUBLJANA,9.0,6.13,5.5,3.31,46.0681081,14.5420462,3116,/sl/restaurant/Details/3116,80,2.87,2.19,46.818923327895604,66.1631419939577
PIZZERIJA VELUN,Šalek 24 a,VELENJE,8.2,6.59,4.7,3.77,46.3621913,15.1258621,1176,/sl/restaurant/Details/1176,80,1.6099999999999994,0.9300000000000002,24.43095599393019,24.668435013262606
,,,,5.69,,2.87,,,3073,,,,,,
,,,,6.3,,3.48,,,2983,,,,,,
PREHRANA PALAČA SMELT,Dunajska 160,LJUBLJANA,7.2,6.3,3.7,3.48,46.082788,14.5139668,2753,/sl/restaurant/Details/2753,80,0.9000000000000004,0.2200000000000002,14.28571428571429,6.321839080459776
PRIMAVERA IZOLA,Prešernova cesta 55,IZOLA/ISOLA,9.0,7.0,5.5,4.18,45.5301056,13.6514169,2204,/sl/restaurant/Details/2204,80,2.0,1.3200000000000003,28.57142857142857,31.578947368421062
PRIMAVERA IZOLA-DOSTAVA,Prešernova cesta 55 ,IZOLA/ISOLA,9.0,7.0,5.5,4.18,45.5301056,13.6514169,2205,/sl/restaurant/Details/2205,80,2.0,1.3200000000000003,28.57142857142857,31.578947368421062
PROMETNA ŠOLA MARIBOR,Preradovičeva ulica 33,MARIBOR,5.19,5.19,1.69,2.37,46.553867,15.6245844,1265,/sl/restaurant/Details/1265,80,0.0,-0.6800000000000002,0.0,-28.691983122362874
Q SLOVENSKA,Slovenska 9,MARIBOR,9.0,7.0,5.5,4.18,46.5602924,15.646888,2325,/sl/restaurant/Details/2325,81,2.0,1.3200000000000003,28.57142857142857,31.578947368421062
Q TABOR,Gorkega ulica 45,MARIBOR,9.0,7.0,5.5,4.18,46.5499577,15.6385033,2651,/sl/restaurant/Details/2651,81,2.0,1.3200000000000003,28.57142857142857,31.578947368421062
,,,,5.69,,2.87,,,2187,,,,,,
RESTAVRACIJA 123 MEGA CENTER 2,Verovškova ulica 55a,LJUBLJANA,6.8,5.69,3.3,2.87,46.0638551,14.4957973,2528,/sl/restaurant/Details/2528,82,1.1099999999999994,0.4299999999999997,19.507908611599287,14.982578397212535
RESTAVRACIJA 123 MERCATOR DUNAJSKA,Dunajska cesta 107,LJUBLJANA,6.8,5.19,3.3,2.37,46.074362,14.5108601,2531,/sl/restaurant/Details/2531,82,1.6099999999999994,0.9299999999999997,31.021194605009622,39.24050632911391
RESTAVRACIJA ALLEGRIA,Nazorjeva ulica 8,LJUBLJANA,9.0,7.0,5.5,4.18,46.0527303,14.5045867,2164,/sl/restaurant/Details/2164,82,2.0,1.3200000000000003,28.57142857142857,31.578947368421062
RESTAVRACIJA ANCORA,Jurčičeva ulica 7,MARIBOR,8.49,6.7,4.99,3.88,46.5591908,15.6473742,2501,/sl/restaurant/Details/2501,82,1.79,1.1100000000000003,26.71641791044776,28.60824742268042
RESTAVRACIJA BREJK,Dunajska cesta 22,LJUBLJANA,9.0,6.99,5.5,4.17,46.0620352,14.5093682,2527,/sl/restaurant/Details/2527,82,2.01,1.33,28.75536480686695,31.894484412470025
,,,,5.1,,2.28,,,1626,,,,,,
RESTAVRACIJA FANY & MARY,Petkovškovo nabrežje 19,LJUBLJANA,9.0,7.0,5.5,4.18,46.0520454,14.5083412,1827,/sl/restaurant/Details/1827,82,2.0,1.3200000000000003,28.57142857142857,31.578947368421062
RESTAVRACIJA FRESCO,Slovenska cesta 51,LJUBLJANA,9.0,6.82,5.5,4.0,46.0556131,14.5048633,2097,/sl/restaurant/Details/2097,82,2.1799999999999997,1.5,31.964809384164216,37.5
"RESTAVRACIJA FS, FAKULTETA ZA STROJNIŠTVO",Aškerčeva ulica 6,LJUBLJANA,7.0,5.33,3.5,2.51,46.0468575,14.4984281,3134,/sl/restaurant/Details/3134,82,1.67,0.9900000000000002,31.33208255159475,39.44223107569722
,,,,7.0,,4.18,,,2843,,,,,,
RESTAVRACIJA HONG KONG,Litijska 28,LJUBLJANA,8.5,6.69,5.0,3.87,46.0477612,14.5417869,3166,/sl/restaurant/Details/3166,82,1.8099999999999996,1.13,27.055306427503726,29.198966408268728
RESTAVRACIJA IN MALOPRODAJA HERMINE WECH - KOROŠKA PERUTNINA,Gačnikova pot 2,RAVNE NA KOROŠKEM,7.0,6.5,3.5,3.68,46.544365,14.9627537,3036,/sl/restaurant/Details/3036,82,0.5,-0.18000000000000016,7.6923076923076925,-4.891304347826091
RESTAVRACIJA IN MALOPRODAJA HERMINE WECH - KOROŠKA PERUTNINA,Ozare,SLOVENJ GRADEC,7.0,6.5,3.5,3.68,46.5075851,15.0768162,3038,/sl/restaurant/Details/3038,82,0.5,-0.18000000000000016,7.6923076923076925,-4.891304347826091
RESTAVRACIJA IN PIVNICA ZVEZDA,Trg zmage 8,MURSKA SOBOTA,6.5,5.3,3.0,2.48,46.660916,16.164826,2343,/sl/restaurant/Details/2343,82,1.2000000000000002,0.52,22.641509433962266,20.967741935483872
RESTAVRACIJA INTERSPAR CELJE,Mariborska 100,CELJE,7.9,5.89,4.4,3.07,46.2417572,15.2761156,1195,/sl/restaurant/Details/1195,82,2.0100000000000007,1.3300000000000005,34.12563667232599,43.322475570032594
RESTAVRACIJA INTERSPAR CITYPARK,Šmartinska 152g,LJUBLJANA,7.9,5.89,4.4,3.07,46.0702369,14.5490389,1369,/sl/restaurant/Details/1369,82,2.0100000000000007,1.3300000000000005,34.12563667232599,43.322475570032594
RESTAVRACIJA INTERSPAR KOPER,Ankaranska cesta 3A,KOPER/CAPODISTRIA,7.9,5.89,4.4,3.07,45.5432181,13.7410232,1023,/sl/restaurant/Details/1023,82,2.0100000000000007,1.3300000000000005,34.12563667232599,43.322475570032594
RESTAVRACIJA INTERSPAR KRANJ,Cesta 1.maja 77,KRANJ,7.9,5.89,4.4,3.07,46.2317974,14.364596,1198,/sl/restaurant/Details/1198,82,2.0100000000000007,1.3300000000000005,34.12563667232599,43.322475570032594
RESTAVRACIJA INTERSPAR MARIBOR EUROPARK,Pobreška 18,MARIBOR,7.9,5.89,4.4,3.07,46.554734,15.6534804,1194,/sl/restaurant/Details/1194,82,2.0100000000000007,1.3300000000000005,34.12563667232599,43.322475570032594
RESTAVRACIJA INTERSPAR MARIBOR2 SUPERNOVA QLANDIA,Cesta Proletarskih brigad 100,MARIBOR,7.9,5.89,4.4,3.07,46.546433,15.618417,1197,/sl/restaurant/Details/1197,82,2.0100000000000007,1.3300000000000005,34.12563667232599,43.322475570032594
RESTAVRACIJA INTERSPAR MURSKA SOBOTA,Nemčavci 1d,MURSKA SOBOTA,7.9,5.89,4.4,3.07,46.6746467,16.1750238,1199,/sl/restaurant/Details/1199,82,2.0100000000000007,1.3300000000000005,34.12563667232599,43.322475570032594
RESTAVRACIJA INTERSPAR NOVA GORICA,Cesta 25. junija 1a,NOVA GORICA,7.9,5.89,4.4,3.07,45.9555094,13.6572042,1025,/sl/restaurant/Details/1025,82,2.0100000000000007,1.3300000000000005,34.12563667232599,43.322475570032594
RESTAVRACIJA INTERSPAR VIČ,Jamova 105,LJUBLJANA,7.9,5.89,4.4,3.07,46.0419879,14.4847758,1370,/sl/restaurant/Details/1370,82,2.0100000000000007,1.3300000000000005,34.12563667232599,43.322475570032594
,,,,7.0,,4.18,,,3180,,,,,,
RESTAVRACIJA KITAJSKA PALAČA,Focheva ulica 41,MARIBOR,8.0,5.99,4.5,3.17,46.5453657,15.643939,2040,/sl/restaurant/Details/2040,82,2.01,1.33,33.55592654424039,41.955835962145116
,,,,6.0,,3.18,,,1130,,,,,,
RESTAVRACIJA KLUB CANKARJEVEGA DOMA,Prešernova cesta 10,LJUBLJANA,9.0,6.6,5.5,3.78,46.0500434,14.4988365,1768,/sl/restaurant/Details/1768,82,2.4000000000000004,1.7200000000000002,36.36363636363637,45.502645502645514
,,,,6.0,,3.18,,,2475,,,,,,
RESTAVRACIJA KOMPLIMENT,Kidričeva cesta 75,ŠKOFJA LOKA,7.5,5.7,4.0,2.88,46.170667,14.342255,3096,/sl/restaurant/Details/3096,82,1.7999999999999998,1.12,31.57894736842105,38.88888888888889
,,,,3.69,,0.87,,,1713,,,,,,
RESTAVRACIJA MANDALA - PODHOD AJDOVŠČINA,Ajdovščina 4,LJUBLJANA,8.2,6.68,4.7,3.86,46.0533642,14.5052036,3068,/sl/restaurant/Details/3068,82,1.5199999999999996,0.8400000000000003,22.754491017964064,21.76165803108809
RESTAVRACIJA MANGO,Turnerjeva ulica 17,MARIBOR,8.0,6.72,4.5,3.9,46.56316907,15.62965699,2085,/sl/restaurant/Details/2085,82,1.2800000000000002,0.6000000000000001,19.04761904761905,15.384615384615389
RESTAVRACIJA MCDONALDS - CITYCENTER,Mariborska cesta 100,CELJE,6.5,4.82,3.0,2.0,46.2419031,15.2774074,2649,/sl/restaurant/Details/2649,82,1.6799999999999997,1.0,34.854771784232355,50.0
RESTAVRACIJA MCDONALDS - PTUJ,Ormoška cesta 3,PTUJ,6.5,4.82,3.0,2.0,46.41889598,15.8771082,2759,/sl/restaurant/Details/2759,82,1.6799999999999997,1.0,34.854771784232355,50.0
RESTAVRACIJA MENSANA,Slomškova ulica 49,MURSKA SOBOTA,7.5,5.5,4.0,2.68,46.6579914,16.1638527,3144,/sl/restaurant/Details/3144,82,2.0,1.3199999999999998,36.36363636363637,49.253731343283576
RESTAVRACIJA MODRI KVADRAT,Davčna ulica 1,LJUBLJANA,7.0,6.0,3.5,3.18,46.0650084,14.5268284,2721,/sl/restaurant/Details/2721,82,1.0,0.31999999999999984,16.666666666666664,10.062893081761
RESTAVRACIJA MOZART,Stegne 7,LJUBLJANA,7.0,6.0,3.5,3.18,46.0816492,14.486736,1382,/sl/restaurant/Details/1382,82,1.0,0.31999999999999984,16.666666666666664,10.062893081761
RESTAVRACIJA MOZART P.E. EKONOMSKA FAKULTETA,Kardeljeva ploščad 17,LJUBLJANA,7.0,6.0,3.5,3.18,46.0740168,14.516449,3172,/sl/restaurant/Details/3172,82,1.0,0.31999999999999984,16.666666666666664,10.062893081761
RESTAVRACIJA MR.FALAFEL,Gosposka ulica 30,MARIBOR,9.0,6.19,5.5,3.37,46.5598616,15.6467848,3049,/sl/restaurant/Details/3049,82,2.8099999999999996,2.13,45.395799676898214,63.20474777448071
RESTAVRACIJA OAZA PEF,Kardeljeva ploščad 16,LJUBLJANA,6.49,4.99,2.99,2.17,46.0754157,14.5179893,3179,/sl/restaurant/Details/3179,82,1.5,0.8200000000000003,30.06012024048096,37.78801843317974
RESTAVRACIJA PIANO,Koroška cesta 160,MARIBOR,7.8,6.52,4.3,3.7,46.5636227,15.6240941,2229,/sl/restaurant/Details/2229,82,1.2800000000000002,0.5999999999999996,19.631901840490805,16.216216216216207
RESTAVRACIJA PLEČNIKOV HRAM,Trg francoske revolucije 2,LJUBLJANA,8.0,6.49,4.5,3.67,46.0470781,14.5034063,1360,/sl/restaurant/Details/1360,82,1.5099999999999998,0.8300000000000001,23.26656394453004,22.6158038147139
"RESTAVRACIJA PRESTIGE CATERING, GZS",Dimičeva ulica 13,LJUBLJANA,6.5,6.03,3.0,3.21,46.0715896,14.5148274,2180,/sl/restaurant/Details/2180,82,0.46999999999999975,-0.20999999999999996,7.7943615257048044,-6.5420560747663545
RESTAVRACIJA RDEČE JABOLKO,Tržaška 116,LJUBLJANA,9.0,6.59,5.5,3.77,46.0398978,14.4730179,1321,/sl/restaurant/Details/1321,82,2.41,1.73,36.57056145675266,45.88859416445623
RESTAVRACIJA SARAJEVSKIH JEDI VALTER - ŠKOFJA LOKA,Kidričeva cesta 8c,ŠKOFJA LOKA,8.4,5.19,4.9,2.37,46.1674362,14.3105818,2252,/sl/restaurant/Details/2252,82,3.21,2.5300000000000002,61.849710982658955,106.75105485232068
RESTAVRACIJA SARAJEVSKIH JEDI VALTER JESENICE,Cesta Maršala Tita 106,JESENICE,8.4,4.99,4.9,2.17,46.441619,14.0390784,2884,/sl/restaurant/Details/2884,82,3.41,2.7300000000000004,68.33667334669339,125.80645161290325
RESTAVRACIJA SARAJEVSKIH JEDI VALTER KRANJ,Cesta 1.maja 1a,KRANJ,8.4,5.19,4.9,2.37,46.2333989,14.3620683,2326,/sl/restaurant/Details/2326,82,3.21,2.5300000000000002,61.849710982658955,106.75105485232068
RESTAVRACIJA SARAJEVSKIH JEDI VALTER LJUBLJANA,Šmartinska cesta 3,LJUBLJANA,8.4,5.19,4.9,2.37,46.0562816,14.5192825,2131,/sl/restaurant/Details/2131,82,3.21,2.5300000000000002,61.849710982658955,106.75105485232068
RESTAVRACIJA SHAOLIN,Hacquetova 5,LJUBLJANA,8.5,6.19,5.0,3.37,46.0606245,14.5146389,2520,/sl/restaurant/Details/2520,82,2.3099999999999996,1.63,37.31825525040387,48.36795252225519
RESTAVRACIJA SKRITI KOT,Ajdovščina 4,LJUBLJANA,9.0,6.99,5.5,4.17,46.0537029,14.5049926,1367,/sl/restaurant/Details/1367,82,2.01,1.33,28.75536480686695,31.894484412470025
RESTAVRACIJA SPLOŠNE BOLNIŠNICE NOVO MESTO,Šmihelska cesta 1,NOVO MESTO,7.0,5.6,3.5,2.78,45.8002373,15.1630024,1298,/sl/restaurant/Details/1298,82,1.4000000000000004,0.7200000000000002,25.000000000000007,25.899280575539578
,,,,6.0,,3.18,,,2596,,,,,,
"RESTAVRACIJA TARTUF ""CENTER""",Mali trg 3a,LJUBLJANA,8.5,6.42,5.0,3.6,46.052173,14.507154,2854,/sl/restaurant/Details/2854,82,2.08,1.4,32.398753894081,38.888888888888886
,,,,5.62,,2.8,,,1100,,,,,,
RESTAVRACIJA VRTNICA,Kidričeva ulica 11,NOVA GORICA,7.0,7.0,3.5,4.18,45.9575994,13.6489258,3156,/sl/restaurant/Details/3156,82,0.0,-0.6799999999999997,0.0,-16.26794258373205
RESTAVRACIJA ZLATA SREČA,Metelkova ulica 29,MARIBOR,7.4,5.49,3.9,2.67,46.543881,15.638065,2698,/sl/restaurant/Details/2698,82,1.9100000000000001,1.23,34.790528233151186,46.06741573033708
,,,,6.93,,4.11,,,3111,,,,,,
RIFUGIO FOOD/DRINK AND MORE,Ulica 15.maja 12e,KOPER/CAPODISTRIA,8.0,6.79,4.5,3.97,45.536316,13.733304,3157,/sl/restaurant/Details/3157,82,1.21,0.5299999999999998,17.820324005891017,13.350125944584375
ROZA SLON,Trg OF 14,LJUBLJANA,7.5,6.19,4.0,3.37,46.0574435,14.5087523,2739,/sl/restaurant/Details/2739,82,1.3099999999999996,0.6299999999999999,21.16316639741518,18.69436201780415
ROZA SLON BEŽIGRAD,Dunajska 115,LJUBLJANA,7.5,6.19,4.0,3.37,46.07502,14.51101,2859,/sl/restaurant/Details/2859,82,1.3099999999999996,0.6299999999999999,21.16316639741518,18.69436201780415
RUBY FOOD,Igriška ulica 5,LJUBLJANA,7.0,5.12,3.5,2.3,46.0480819,14.4993023,3072,/sl/restaurant/Details/3072,82,1.88,1.2000000000000002,36.71874999999999,52.17391304347827
SALAMON - DOSTAVA,Dolenjska cesta 103,LJUBLJANA,9.0,6.99,5.5,4.17,46.0300713,14.5324491,2595,/sl/restaurant/Details/2595,83,2.01,1.33,28.75536480686695,31.894484412470025
DOBRA HIŠA,Stegne 11a,LJUBLJANA,8.2,7.0,4.7,4.18,46.0828895,14.4879422,2552,/sl/restaurant/Details/2552,68,1.1999999999999993,0.5200000000000005,17.14285714285713,12.440191387559821
SAMOPOSTREŽNA RESTAVRACIJA STOLPIČ,Mariborska cesta 7,CELJE,7.0,5.7,3.5,2.88,46.2301367,15.265121,2781,/sl/restaurant/Details/2781,83,1.2999999999999998,0.6200000000000001,22.807017543859644,21.527777777777782
,,,,6.69,,3.87,,,2921,,,,,,
,,,,3.69,,0.87,,,2145,,,,,,
,,,,6.5,,3.68,,,3170,,,,,,
SPLOŠNA BOLNIŠNICA IZOLA,Polje 40,IZOLA/ISOLA,6.0,5.5,2.5,2.68,45.5444241,13.6870967,2641,/sl/restaurant/Details/2641,83,0.5,-0.18000000000000016,9.090909090909092,-6.716417910447767
SREDNJA ŠOLA IZOLA - SCUOLA MEDIA ISOLA,Prekomorskih brigad 7,IZOLA/ISOLA,7.8,5.69,4.3,2.87,45.5352719,13.6582594,2263,/sl/restaurant/Details/2263,83,2.1099999999999994,1.4299999999999997,37.082601054481536,49.82578397212543
STARA KRŠKA PIZZERIJA,Cesta krških žrtev 59,KRŠKO,8.8,6.8,5.3,3.98,45.9620105,15.4859981,2115,/sl/restaurant/Details/2115,83,2.000000000000001,1.3199999999999998,29.411764705882366,33.16582914572864
STARA KRŠKA PIZZERIJA - DOSTAVA,Cesta krških žrtev 59,KRŠKO,9.0,7.0,5.5,4.18,45.9620105,15.4859981,2116,/sl/restaurant/Details/2116,83,2.0,1.3200000000000003,28.57142857142857,31.578947368421062
STARI GRILL,Glavni trg 5,MARIBOR,7.6,5.8,4.1,2.98,46.5573679,15.6450408,2569,/sl/restaurant/Details/2569,83,1.7999999999999998,1.1199999999999997,31.034482758620683,37.583892617449656
SUBWAY,Slovenska cesta 1,LJUBLJANA,6.5,5.19,3.0,2.37,46.0469188,14.5009328,2714,/sl/restaurant/Details/2714,83,1.3099999999999996,0.6299999999999999,25.240847784200376,26.58227848101265
SUBWAY BEŽIGRAD,Dunajska cesta 115a,LJUBLJANA,6.5,5.19,3.0,2.37,46.0589662,14.5064647,2389,/sl/restaurant/Details/2389,83,1.3099999999999996,0.6299999999999999,25.240847784200376,26.58227848101265
SUBWAY BTC,Šmartinska cesta 152,LJUBLJANA,6.5,5.19,3.0,2.37,46.0681081,14.5420462,2988,/sl/restaurant/Details/2988,83,1.3099999999999996,0.6299999999999999,25.240847784200376,26.58227848101265
SUBWAY KOPER,Ankaranska cesta 2,KOPER/CAPODISTRIA,6.5,5.19,3.0,2.37,45.54012,13.735118,3090,/sl/restaurant/Details/3090,83,1.3099999999999996,0.6299999999999999,25.240847784200376,26.58227848101265
ŠEHEREZADA,Trubarjeva cesta 31,LJUBLJANA,6.5,4.22,3.0,1.4,46.0525259,14.5098328,2092,/sl/restaurant/Details/2092,352,2.2800000000000002,1.6,54.02843601895736,114.2857142857143
ŠEHEREZADA 2,Slovenska cesta 55,LJUBLJANA,6.5,4.82,3.0,2.0,46.0563837,14.5050602,3159,/sl/restaurant/Details/3159,352,1.6799999999999997,1.0,34.854771784232355,50.0
ŠTUDENTSKI DOM LJUBLJANA - RESTAVRACIJA,Svetčeva ulica 9,LJUBLJANA,7.1,5.82,3.6,3.0,46.051935,14.487097,2213,/sl/restaurant/Details/2213,352,1.2799999999999994,0.6000000000000001,21.993127147766312,20.000000000000004
TAJ MAHAL - DOSTAVA,Poljanska 14,LJUBLJANA,8.4,7.0,4.9,4.18,46.0502492,14.5145613,2532,/sl/restaurant/Details/2532,84,1.4000000000000004,0.7200000000000006,20.000000000000004,17.224880382775137
,,,,6.99,,4.17,,,3064,,,,,,
,,,,5.62,,2.8,,,1101,,,,,,
UFO,Svetčeva ulica 14,LJUBLJANA,7.2,6.52,3.7,3.7,46.051198,14.4867877,1262,/sl/restaurant/Details/1262,85,0.6800000000000006,0.0,10.429447852760747,0.0
"UTRIP - BAR, BISTRO IN KAVARNA",Šmartinska cesta 3,LJUBLJANA,9.0,7.0,5.5,4.18,46.056135,14.519132,2882,/sl/restaurant/Details/2882,85,2.0,1.3200000000000003,28.57142857142857,31.578947368421062
,,,,7.0,,4.18,,,2932,,,,,,
,,,,6.69,,3.87,,,3183,,,,,,
VERDI PTUJ,Ormoška cesta 15,PTUJ,8.9,7.0,5.4,4.18,46.4186013,15.8791007,3141,/sl/restaurant/Details/3141,86,1.9000000000000004,1.2200000000000006,27.142857142857146,29.186602870813417
VILLAGE SNACKS,Turnerjeva ulica 17,MARIBOR,5.2,3.82,1.7,1.0,46.56325575,15.62920102,3002,/sl/restaurant/Details/3002,86,1.3800000000000003,0.7,36.12565445026179,70.0
VINO & RIBE ALEJA,Rakuševa ulica 1,LJUBLJANA,9.0,6.61,5.5,3.79,46.0782899,14.4836777,3117,/sl/restaurant/Details/3117,86,2.3899999999999997,1.71,36.157337367624805,45.11873350923483
VINO & RIBE CENTER,Stari trg 28,LJUBLJANA,9.0,6.6,5.5,3.78,46.0810742,14.4794686,3061,/sl/restaurant/Details/3061,86,2.4000000000000004,1.7200000000000002,36.36363636363637,45.502645502645514
VIVO D125,Dunajska cesta 125,LJUBLJANA,9.0,6.69,5.5,3.87,46.0764534,14.5115361,2742,/sl/restaurant/Details/2742,86,2.3099999999999996,1.63,34.529147982062774,42.1188630490956
,,,,5.63,,2.81,,,2599,,,,,,
VOZI MIŠKO ŠIŠKA,Cesta Ljubljanske brigade 33,LJUBLJANA,8.2,7.0,4.7,4.18,46.0892556,14.4771914,1576,/sl/restaurant/Details/1576,86,1.1999999999999993,0.5200000000000005,17.14285714285713,12.440191387559821
DOBRA HIŠA RUDNIK,Jurčkova cesta 223,LJUBLJANA,8.2,7.0,4.7,4.18,46.0218387,14.5359136,2298,/sl/restaurant/Details/2298,68,1.1999999999999993,0.5200000000000005,17.14285714285713,12.440191387559821
WOK MIX CENTER,Vetrinjska ulic 15,MARIBOR,5.52,5.19,2.02,2.37,46.5593704,15.647724,3078,/sl/restaurant/Details/3078,87,0.3299999999999992,-0.3500000000000001,6.358381502890158,-14.76793248945148
,,,,5.19,,2.37,,,3077,,,,,,
ZAMARO COFFEE LOUNGE,Topniška 29a,LJUBLJANA,7.0,5.62,3.5,2.8,46.0661965,14.517229,1350,/sl/restaurant/Details/1350,90,1.38,0.7000000000000002,24.555160142348754,25.000000000000007
ZBORNICA BAR IN ŽAR,Rimska cesta 13,LJUBLJANA,9.0,7.0,5.5,4.18,46.047428,14.4998576,2952,/sl/restaurant/Details/2952,90,2.0,1.3200000000000003,28.57142857142857,31.578947368421062
ZNANSTVENA KAVARNA MAFIJA,Jadranska ulica 21,LJUBLJANA,3.5,2.82,0.0,0.0,46.0419603,14.4899295,2993,/sl/restaurant/Details/2993,90,0.6800000000000002,0.0,24.11347517730497,
ŽITO KOPER,Pristaniška ulica 2,KOPER/CAPODISTRIA,4.0,2.82,0.5,0.0,45.546168,13.725994,2009,/sl/restaurant/Details/2009,381,1.1800000000000002,0.5,41.84397163120568,inf
ŽITO LEON ŠTUKELJ MARIBOR,Trg Leona Štuklja 1,MARIBOR,4.0,2.82,0.5,0.0,46.5592387,15.6484212,2956,/sl/restaurant/Details/2956,381,1.1800000000000002,0.5,41.84397163120568,inf
ŽITO LJUBLANA ŽELEZNIŠKA (KOLODVOR),Trg OF 7,LJUBLJANA,4.0,2.82,0.5,0.0,46.0579939,14.5114823,2535,/sl/restaurant/Details/2535,381,1.1800000000000002,0.5,41.84397163120568,inf
ŽITO LJUBLJANA BAVARSKI DVOR,Slovenska cesta 58,LJUBLJANA,4.0,2.82,0.5,0.0,46.0569106,14.505859,2771,/sl/restaurant/Details/2771,381,1.1800000000000002,0.5,41.84397163120568,inf
ŽITO LJUBLJANA VODNIK,Vodnikov trg 5,LJUBLJANA,4.0,2.82,0.5,0.0,46.0506123,14.5092262,1791,/sl/restaurant/Details/1791,381,1.1800000000000002,0.5,41.84397163120568,inf
ŽITO MARIBOR TRG REVOLUCIJE,Trg revolucije 2,MARIBOR,4.0,2.82,0.5,0.0,46.554224,15.6461698,2322,/sl/restaurant/Details/2322,381,1.1800000000000002,0.5,41.84397163120568,inf
AJDA BURGERS & MORE BTC,Šmartinska cesta 152,LJUBLJANA,8.8,,5.3,,46.0681081,14.5420462,2999,/sl/restaurant/Details/2999,65,,,,
AULA FOOD,Gosarjeva ulica 5,LJUBLJANA,4.5,,1.0,,46.0746675,14.5151594,3190,/sl/restaurant/Details/3190,65,,,,
AZIJSKA RESTAVRACIJA ATMA,Muzejska ulica 3,NOVO MESTO,9.0,,5.5,,45.8031116,15.1692868,3228,/sl/restaurant/Details/3228,65,,,,
AZIJSKA RESTAVRACIJA IZAKAJA,Pokljukarjeva ulica 29,LJUBLJANA,9.0,,5.5,,46.0449756,14.4713376,3194,/sl/restaurant/Details/3194,65,,,,
AZURE BISTRO,Župančičeva ulica 39,KOPER/CAPODISTRIA,8.5,,5.0,,45.5463308,13.729011,3206,/sl/restaurant/Details/3206,65,,,,
BAŠČARŠIJA KOPER CARPACCIOV TRG,Carpacciov trg 6,KOPER/CAPODISTRIA,7.9,,4.4,,45.5478156,13.7259576,3207,/sl/restaurant/Details/3207,66,,,,
BAŠČARŠIJA MARIBOR GOSPOSVETSKA,Gosposvetska cesta 43c,MARIBOR,7.9,,4.4,,46.5620837,15.6323094,3237,/sl/restaurant/Details/3237,66,,,,
BIOTEHNIŠKI IZOBRAŽEVALNI CENTER LJUBLJANA,Ižanska cesta 10,LJUBLJANA,7.5,,4.0,,46.0397001,14.5130312,2102,/sl/restaurant/Details/2102,66,,,,
BIOTEHNIŠKI IZOBRAŽEVALNI CENTER LJUBLJANA,Cesta v Mestni log 47,LJUBLJANA,7.5,,4.0,,46.0369256,14.4928696,2103,/sl/restaurant/Details/2103,66,,,,
BISTRO ČOPOVA,Čopova 12,LJUBLJANA,9.0,,5.5,,46.0519281,14.5050696,2725,/sl/restaurant/Details/2725,66,,,,
BISTRO SLOVELY,Kardeljeva ploščad 5,LJUBLJANA,8.0,,4.5,,46.0755832,14.513194,3221,/sl/restaurant/Details/3221,66,,,,
CIAO CIAO,Čopova 7,LJUBLJANA,7.0,,3.5,,46.0519643,14.5044694,3175,/sl/restaurant/Details/3175,67,,,,
ČEVABDŽINICA SARAJEVO84 (TOMAŽIČEV TRG),Tomažičev trg 1,KOPER/CAPODISTRIA,8.6,,5.1,,45.5468662,13.7266374,3234,/sl/restaurant/Details/3234,268,,,,
EAT SMART BURGERS,Koroška cesta 80,MARIBOR,7.5,,4.0,,46.5595476,15.6338033,3232,/sl/restaurant/Details/3232,69,,,,
FARI'S ,Miklošičeva 34,LJUBLJANA,8.49,,4.99,,46.0567756,14.5083706,2589,/sl/restaurant/Details/2589,70,,,,
GIG BAR & BURGER,Jurčkova cesta 223,LJUBLJANA,9.0,,5.5,,46.0218387,14.5359136,3223,/sl/restaurant/Details/3223,71,,,,
GOSTILNA IN PICERIJA PAVON,Njegoševa 6 K,LJUBLJANA,9.0,,5.5,,46.0542409,14.5192941,2161,/sl/restaurant/Details/2161,71,,,,
GOSTILNICA TADEJ,Francetova 7,SLOVENJ GRADEC,7.0,,3.5,,46.5117581,15.0800667,3210,/sl/restaurant/Details/3210,71,,,,
GOSTIŠČE KUM,Prešernova cesta 1,ZAGORJE OB SAVI,8.0,,4.5,,46.1329388,14.9987576,1849,/sl/restaurant/Details/1849,71,,,,
HALO KATRA - DOSTAVA,Središka ulica 4,LJUBLJANA,9.0,,5.5,,46.0613483,14.527299,2355,/sl/restaurant/Details/2355,72,,,,
HALO PINKI - DOSTAVA,Pod ježami 14,LJUBLJANA,9.0,,5.5,,46.0579436,14.5284637,1514,/sl/restaurant/Details/1514,72,,,,
HOT HORSE - RUDNIK,Jurčkova cesta 222,LJUBLJANA,8.6,,5.1,,46.0198816,14.5337258,3196,/sl/restaurant/Details/3196,72,,,,
HUDA .,Cesta prvih borcev 7,BREŽICE,9.0,,5.5,,45.9030395,15.5923304,3197,/sl/restaurant/Details/3197,72,,,,
KITAJSKA RESTAVRACIJA BELI LABOD,Kolodvorska ulica 20,LJUBLJANA,8.9,,5.4,,46.0568955,14.5105853,3193,/sl/restaurant/Details/3193,75,,,,
LEONARD,Trg mladinskih delovnih brigad 12,LJUBLJANA,5.5,,2.0,,46.0479552,14.4962925,3198,/sl/restaurant/Details/3198,76,,,,
LEŠKOVAČKI DVOR,Dunajska ceeta 57,LJUBLJANA,7.4,,3.9,,46.0655751,14.5089374,3235,/sl/restaurant/Details/3235,76,,,,
MATJAŽEV BISTRO,Poljanska 22,LJUBLJANA,5.5,,2.0,,46.049579,14.5168208,3227,/sl/restaurant/Details/3227,77,,,,
MCDONALD'S RESTAVRACIJA - CANKARJEVA,Cankarjeva cesta 4,LJUBLJANA,6.5,,3.0,,46.0527153,14.5028959,3189,/sl/restaurant/Details/3189,77,,,,
MCDONALD'S RESTAVRACIJA - SUPERNOVA RUDNIK,Jurčkova cesta 223,LJUBLJANA,6.5,,3.0,,46.0218387,14.5359136,3188,/sl/restaurant/Details/3188,77,,,,
MEATING PUB & RESTAVRACIJA - DOSTAVA,Mlinska ulica 2,MARIBOR,9.0,,5.5,,46.5603608,15.6553755,3230,/sl/restaurant/Details/3230,77,,,,
NAMA TUŠ GOURMET & DELIKATESA,Tomšičeva ulica 2,LJUBLJANA,7.8,,4.3,,46.0522872,14.502706,3195,/sl/restaurant/Details/3195,78,,,,
NORMA 23,Adamič-Lundrovo nabrežje 1,LJUBLJANA,8.8,,5.3,,46.0510563,14.5065665,3229,/sl/restaurant/Details/3229,78,,,,
OKREPČEVALNICA MARJANCA,Večna pot 13,LJUBLJANA,6.4,,2.9,,46.0514769,14.4802775,3200,/sl/restaurant/Details/3200,79,,,,
PEKARNA LAGUNA,Linhartova cesta 11,LJUBLJANA,5.61,,2.11,,46.0646461,14.5103219,3192,/sl/restaurant/Details/3192,80,,,,
PICA SEDMICA,Ljubljanska cesta 106a,DOMŽALE,7.2,,3.7,,46.1419779,14.5938717,3211,/sl/restaurant/Details/3211,80,,,,
PICERIJA IN PIVNICA KUFR - DOSTAVA,Glavni trg 43,SLOVENJ GRADEC,7.0,,3.5,,46.5084742,15.0782194,3233,/sl/restaurant/Details/3233,80,,,,
PIZZA MARIJA,Dunajska cesta 15,LJUBLJANA,9.0,,5.5,,46.0604984,14.5068653,3218,/sl/restaurant/Details/3218,80,,,,
PIZZERIA IN OŠTARIJA FUGAZI,Kersnikova ulica 6,LJUBLJANA,9.0,,5.5,,46.0559004,14.5041666,3199,/sl/restaurant/Details/3199,80,,,,
PIZZERIA VIVALDI - DOSTAVA,Borštnikova ulica 33a,MARIBOR,9.0,,5.5,,46.5368605,15.6238561,1162,/sl/restaurant/Details/1162,80,,,,
PIZZERIJA PIRAMIDA,Vojkova 71,LJUBLJANA,8.0,,4.5,,46.0773752,14.5191468,3216,/sl/restaurant/Details/3216,80,,,,
PIZZERIJA PIRAMIDA - DOSTAVA,Vojkova 71,LJUBLJANA,8.0,,4.5,,46.0773752,14.5191468,3217,/sl/restaurant/Details/3217,80,,,,
POKUŠINA,Groblje 3,DOMŽALE,7.0,,3.5,,46.1493423,14.5898794,3187,/sl/restaurant/Details/3187,80,,,,
"PRI STAREM KOVAČU, HIŠA KRUHA 3",Gosposka ulica 13,MARIBOR,5.7,,2.2,,46.5588118,15.6464008,3212,/sl/restaurant/Details/3212,80,,,,
RESTAVRACIJA BARUS,Prešernova cesta 15,LJUBLJANA,9.0,,5.5,,46.0497279,14.4974415,3222,/sl/restaurant/Details/3222,82,,,,
RESTAVRACIJA ETNO EDEN,Prisoje 7,KOPER/CAPODISTRIA,9.0,,5.5,,45.5342855,13.72632,3204,/sl/restaurant/Details/3204,82,,,,
RESTAVRACIJA KOLODVORSKA,Cesta talcev 37,VELENJE,8.0,,4.5,,46.3633644,15.1037539,1263,/sl/restaurant/Details/1263,82,,,,
RESTAVRACIJA MENZA IJS,Jamova cesta 39,LJUBLJANA,8.0,,4.5,,46.0428394,14.4876334,3236,/sl/restaurant/Details/3236,82,,,,
RESTAVRACIJA ŠTUDENTSKI DOM 16,Gosposvetska cesta 89,MARIBOR,6.9,,3.4,,46.5646783,15.6235584,3231,/sl/restaurant/Details/3231,82,,,,
RIKŠA CURRY&WOK,Resljeva cesta 1,LJUBLJANA,7.8,,4.3,,46.0523157,14.5100928,3220,/sl/restaurant/Details/3220,82,,,,
ROZA SLON BTC,Kajuhova 32/R,LJUBLJANA,7.5,,4.0,,46.0577638,14.5403399,3225,/sl/restaurant/Details/3225,82,,,,
ROZA SLON VIČ,Tržaška cesta 116,LJUBLJANA,7.5,,4.0,,46.0399968,14.4724761,3224,/sl/restaurant/Details/3224,82,,,,
SPLOŠNA BOLNIŠNICA BREŽICE,Černelčeva cesta 15,BREŽICE,7.5,,4.0,,45.9084904,15.5935718,3069,/sl/restaurant/Details/3069,83,,,,
ŠAVIRMA,Rimska cesta 13,LJUBLJANA,7.0,,3.5,,46.047428,14.4998576,3219,/sl/restaurant/Details/3219,352,,,,
TAJ MAHAL,Poljanska 14,LJUBLJANA,8.4,,4.9,,46.0502492,14.5145613,2289,/sl/restaurant/Details/2289,84,,,,
TAVERNA PALERMO,Ulica Heroja Nandeta 31,MARIBOR,8.0,,4.5,,46.5326581,15.673326,3202,/sl/restaurant/Details/3202,84,,,,
TAVERNA PALERMO - DOSTAVA,Ulica Heroja Nandeta 31,MARIBOR,8.5,,5.0,,46.5326581,15.673326,3203,/sl/restaurant/Details/3203,84,,,,
URBAN PIQNIQ,Cesta Zore Perello Godina3,KOPER/CAPODISTRIA,8.8,,5.3,,45.5440568,13.7271687,3208,/sl/restaurant/Details/3208,85,,,,
URŠIN BISTRO,Poljanska 22,LJUBLJANA,9.0,,5.5,,46.049579,14.5168208,3226,/sl/restaurant/Details/3226,85,,,,
VEGETARIJANSKA RESTAVRACIJA RADHA GOVINDA,Žibretova 23,LJUBLJANA,8.0,,4.5,,46.062892,14.4989731,1339,/sl/restaurant/Details/1339,86,,,,
VINO & RIBE RUDNIK,Jurčkova cesta 223,LJUBLJANA,9.0,,5.5,,46.0218387,14.5359136,3201,/sl/restaurant/Details/3201,86,,,,
